{
  "map_image_path": "/home/nano/Downloads/IVS_ws/config/topview_map.png",
  "image_points_px": [[0.000000,0.000000], [540.000000,0.000000], [0.000000,720.000000], [540.000000,720.000000]],
  "vehicle_points_tm": [[1.200000,1.200000], [1.200000,0.300000], [0.000000,1.200000], [0.000000,0.300000]],
  "yaw0_unit": [0.134147, 0.990961]
}
